ma	noi_dung	json	khoa_hoac_muc	commit	giao_thuc_chia	nhan
F02	RMSE base 9,908, R² 0,4756 (XGBoost mặc định, đặc trưng cũ)	results_cost/cost_aware_rmse.json	summary.base.raw_metrics	cc12d4b	1 lần chia (42) + 5 lần lặp fold trong	thăm dò
F03	Mã hoá lệch chuẩn chấm theo trường tăng R² lên 0,493	results_cost/cost_aware_rmse.json	summary.enc_lenient.raw_metrics	cc12d4b	1 lần chia (42) + 5 lần lặp fold trong	thăm dò; phần dư trường dùng HSA cùng khoá, bị loại khỏi mô hình chính
F05	Lưới K bất đối xứng; tỉnh không thêm gì khi đã có trường	results_cost/tail_weights.json	summary.ablation, summary.grid	680c476	1 lần chia (42) + 5 lần lặp fold trong	thăm dò
F06	Quy tắc trung bình theo K thắng giãn ở mọi K ≥ 2 (RMSE)	results_cost/cost_aware_rmse.json	summary.*.rules	cc12d4b	1 lần chia (42) + 5 lần lặp fold trong	thăm dò
F10	Trung tâm: bag10 9,468; tuned 9,449; qmean 9,555; qmedian 9,559	results_cost/center_ablation.json	summary.point	268ac30	5 lần chia (42, 1-4)	thăm dò; tuned rò rỉ ở lần chia 1-4
F11	(không còn là kết quả riêng, khung mục 2)					bỏ
F12	Tỉ giá đuôi/giữa 2,3 xuống 1,8 dọc biên	results_cost/tail_prior.json (cần xác nhận)	summary.points	c93b789	5 lần chia	thăm dò; nguồn chính xác cần xác nhận
F13	Tràn: (K_L,K_H)=(5,1) làm RMSE cao tăng 15,04 lên 15,68	results_cost/tail_prior.json; run_tail_prior.log mục [4],[5]	points.bin|step_pair	c93b789	5 lần chia	thăm dò
F14	Mỗi họ trọng số thắng trên thước đo của chính nó	results_cost/tail_prior.json	summary.points	c93b789	5 lần chia	thăm dò; suy ra từ Bổ đề 1
F15	Phân phối theo từng em không nhận diện đuôi tốt hơn ŷ (AUC cao 0,910 vs 0,907)	results_cost/tail_prior.json	summary.dist	c93b789	5 lần chia	thăm dò; dấu AUC trong log sai chiều, xem khung 0.5
F16	PI90 tầng bin: độ phủ biên 0,899, rộng 31,9	results_cost/tail_prior.json	summary.dist.bin	c93b789	5 lần chia	thăm dò
F17	(xem khung mục 6.11)	cần xác nhận				cần xác nhận nguồn
F18	Kiểm toán tỉnh cũ: 17/49 tỉnh, SD độ chệch 0,53	results_cost/tail_prior.json	per_split.*.points.*.audit_bias_sd	c93b789	5 lần chia	thăm dò; thay bằng E10
F19	XGBoost mặc định quá phân tán: sd ratio 0,708 so với sqrt(R²) 0,690	results_mseed/calibration_table.json	summary.default.calib.sd_ratio	trước 173c3f0 (lượt mseed)	1 lần chia (42), 5 seed	thăm dò
F20	GA ngang random search; P(≥1 cấu hình trong 0,05 của tốt nhất | 60) ≈ 0,97	results_mseed/landscape.json	near_optimal_fraction.within_0.05	trước 173c3f0 (lượt mseed)	1 lần chia (42)	thăm dò; không gian cũ
F21	Hàm thích nghi đuôi bị lấn át (số MAE cũ, không trích số)	results_mseed/regions.json	runs	trước 173c3f0 (lượt mseed)	1 lần chia (42), 5 seed	thăm dò; MAE
F24	(xem khung mục 6.11)	cần xác nhận				cần xác nhận nguồn
E0b.dup	Không có dòng trùng chính xác, gần, toàn dòng; 27 bài y ≤ 37 (0,047%); ngưỡng khối lượng = 60/100	results_cost/data_audit.json	duplicates, near_guess, gates	12c1038	toàn bộ 57.174 dòng	khẳng định
E0.bench	Fit trong fold 1,59 giây máy (ngưỡng 5): giữ ngân sách 60	results_cost/bench_eval.json	summary, gate	12c1038	lần chia 100, 20 cấu hình	khẳng định
E1.fset	Tập đặc trưng chính F_dt-cn: F_dt-cn − F_dt +0,024 cost_3, TOST qua; bỏ thêm tỉnh, khu vực +0,298	results_cost/paper_numbers_cost.json (nguồn: decomp_centers.json)	e1.primary_feature_set; e1.gate.cn_vs_dt.*; e1.gate.cnbc_vs_cn.*	2710470 (số: 4b2a72c)	10 lần chia (100–109)	khẳng định
E1.bstar	B* = 20 (dung sai 0,02, chọn trên F_dt)	results_cost/paper_numbers_cost.json (nguồn: decomp_centers.json)	e1.b_star; e1.b_star_tol; e1.b_star_feature_set	2710470 (số: 4b2a72c)	10 lần chia (100–109)	khẳng định
E1.C3	Trung tâm chính bag20; C3 = −0,043 [−0,070; −0,016], Holm 0,0062, TOST qua	results_cost/paper_numbers_cost.json (nguồn: decomp_centers.json; Holm cuối ở decomp_rules.json)	gate.G1.*; c3.*	2710470 (số: 4b2a72c)	10 lần chia (100–109)	khẳng định; Holm 0,0186 trong decomp_centers.json là tạm, không dùng
E2.C1	C1 = R1 − R8* = −0,106 [−0,145; −0,068], Holm 0,00044; TOST trượt; không có bootstrap cụm	results_cost/paper_numbers_cost.json (nguồn: decomp_rules.json, wtrain_tuned.json)	c1.*; gate.C1.*	2710470 (số: 4b2a72c)	10 lần chia (100–109)	khẳng định; chỉ cho HSA (xem E11.C1)
E2.C2	C2 = R1 − R5 = −0,058 [−0,080; −0,037], Holm 0,00044; giãn hai phía đủ dùng ở K = 3, vỡ từ K = 5	results_cost/paper_numbers_cost.json (nguồn: decomp_rules.json)	c2.*; gate.G2.verdict; gate.G2.k_stretch_breaks	2710470 (số: 4b2a72c)	10 lần chia (100–109)	khẳng định
E2.ii	Lợi ích tầng quyết định K = 3: ii = 0,417, ii_a/ii = 0,114; R2 tương đương R1 ở mọi K	results_cost/paper_numbers_cost.json (nguồn: decomp_rules.json)	decomp.K3.ii.*; decomp.K3.ii_a.*; gate.G2.ii_a_share_K3; gate.G2.R2_equiv_R1_all_K; tost_vs_R1.*	2710470 (số: 4b2a72c)	10 lần chia (100–109)	khẳng định
E2b	K = 8: dò lại −0,247 (p 0,10), chuẩn hoá −0,066 (p 0,064); không phần nào p < 0,05	results_cost/paper_numbers_cost.json (nguồn: wtrain_tuned.json)	e2b.K*.attr.*	2710470 (số: 4b2a72c)	10 lần chia (100–109)	khẳng định; nhãn "trung tâm chính: None" trong log E2b là lỗi hiển thị
E3	Trội trung tâm 89,7% trên 87 θ có thông tin (91,1% trên mọi θ), dưới cổng 0,9	results_cost/paper_numbers_cost.json (nguồn: proper_scores.json)	e3.dominance_*; gate.E3.*	2710470 (số: 4b2a72c)	10 lần chia (100–109)	khẳng định; lợi ích trung tâm chỉ báo bằng cost_K
E4	Dò một lần theo RMSE đủ ở K 2–8; (c) tệ hơn (a) 0,438 ở K = 3; oracle ≤ 0,012 đến K = 8; Giả thuyết 6 đứng	results_cost/paper_numbers_cost.json (nguồn: select_policy.json)	e4.K*.policy_*.cost; gate.E4.*	2710470 (số: 4b2a72c)	10 lần chia (100–109)	khẳng định; câu về GA ở VII-D dựa vào dòng này
E5	C1–C3 giữ dấu ở mọi biến thể K = 3; ở K = 2 C2 đổi dấu dưới đuôi cố định	results_cost/paper_numbers_cost.json (nguồn: sensitivity.json)	e5.step_K*.*; gate.E5.*	2710470 (số: 4b2a72c)	10 lần chia (100–109)	khẳng định
E6	Cổng định lượng Hình 5 trượt (sai số tương đối tệ nhất −15%); S2: R8 không thắng R1 ≥ 0,10	results_cost/paper_numbers_cost.json (nguồn: sim_decomp.json)	gate.E6.*; e6.S*.*	2710470 (số: 4b2a72c)	50 lần lặp mô phỏng	khẳng định; chỉ dùng định tính
E9	Spearman nhỏ nhất 0,9986; PI90 phủ đuôi 0,656 / 0,667; P2 khuyến nghị cho ≥ 100, không cho < 60; gần đoán mò không đổi dấu C1–C3	results_cost/paper_numbers_cost.json (nguồn: use_validity.json)	gate.E9.*; e9.pi90.*; e9.spearman_min.*	2710470 (số: 4b2a72c)	10 lần chia (100–109)	khẳng định
E10	τ tỉnh (REML, DL, nền hoán vị); khoảng cách hệ số chặn hai giới 1,015	results_cost/paper_numbers_cost.json (nguồn: group_audit.json)	e10.bag20_F_dt-cn.tau.*; e10.margin.*; e10.sens.*	2710470 (số: 4b2a72c)	cross-fit 2×5 trên toàn bộ bản ghi	khẳng định; không in CI Q-profile, không nêu tên tỉnh
E11.gate	Cổng E11: C1 2/5, C2 5/5, C3 4/5, nên chỉ là bảng điều kiện biên; C1 không lặp ở cps88wages, diamonds, saber; C3 không lặp ở kings_county	results_bench/paper_numbers_bench.json (nguồn: bench_decomp.json)	gate.*	7522d7c, dirty (số: 90862a2)	10 lần chia (100–109) mỗi bộ	khẳng định; dirty do hai file chưa theo dõi mà bench_decomp.py không import
E11.C1	C1 ngược dấu, p < 0,05: saber +2,95% cost_3 (p 1,7e-5), diamonds +2,51% (p 0,010)	results_bench/paper_numbers_bench.json (nguồn: bench_decomp.json)	bench.saber.C1.*; bench.diamonds.C1.*; sign.C1.*	7522d7c, dirty (số: 90862a2)	10 lần chia (100–109) mỗi bộ	khẳng định; p không hiệu chỉnh, không gộp giữa các bộ
E11.C3	C3: saber −2,80% (p 0,00017), cps88wages −2,44% (p 0,083), so với HSA 0,40%	results_bench/paper_numbers_bench.json (nguồn: bench_decomp.json)	bench.*.C3.*; hsa.c3.pct	7522d7c, dirty (số: 90862a2)	10 lần chia (100–109) mỗi bộ	khẳng định; gốc phần trăm khác nhau (HSA bag20, bộ công khai bag10)
E11.E4	(c) − (a) cùng dấu 5/5, p < 0,05 ở 4; oracle ở kings_county −5,10% (p 0,029)	results_bench/paper_numbers_bench.json (nguồn: bench_decomp.json)	sign.e4.*; bench.*.e4.*	7522d7c, dirty (số: 90862a2)	10 lần chia (100–109) mỗi bộ	khẳng định
E11.derived	C1 + C3 (R1 trên rs_tuned − R8*) theo bộ, chỉ trung bình mô tả	results_bench/paper_numbers_bench.json (nguồn: bench_decomp.json)	bench.*.derived.R1rs_minus_R8star.*; hsa.derived.*	7522d7c, dirty (số: 90862a2)	10 lần chia (100–109) mỗi bộ	mô tả; không có p
